/*********************** ATTENTION ***********************/
/** IL FAUT SUIVRE L'ORDRE POUR L'INSERTION DES DONNEES **/
/*********************************************************/

/******************** ROLES ********************/
INSERT INTO role (id, name) VALUES
('1', 'ROLE_PATIENT'),
('2', 'ROLE_ADMIN'),
('3', 'ROLE_DIET'),
('4', 'ROLE_CAREGIVER');

/******************** ALIMENTATIONS ********************/
INSERT INTO diet (id, name) VALUES
('1', 'Normale'),
('2', 'Hyperprotéiné'),
('3', 'Diabétique'),
('4', 'Sans porc'),
('5', 'Sans sel'),
('6', 'Sans résidu');

/******************** TEXTURES ********************/
INSERT INTO texture (id, name) VALUES
('1', 'Normale'),
('2', 'Haché'),
('3', 'Mixé');

/******************** ALLERGIES ********************/
INSERT INTO allergy (id, name) VALUES
('1', 'Céréales'),
('2', 'Gluten'),
('3', 'Crustacés'),
('4', 'Œufs'),
('5', 'Poissons'),
('6', 'Soja'),
('7', 'Lait'),
('8', 'Arachides'),
('9', 'Fruits à coques'),
('10', 'Céleri'),
('11', 'Moutarde'),
('12', 'Graines de sésame'),
('13', 'Anhydride sulfureux'),
('14', 'Lupin'),
('15', 'Mollusques');

/******************** COMMENTAIRES ********************/
INSERT INTO comment (id, content, pseudo) VALUES
('1', 'Souvent fatigué', 'deliessche_a'),
('2', 'A tendances à modifier son menu la veille', 'lukombo_c'),
('3', 'Patient régulier dans la clinique, revient pour la 4eme fois', 'kemissi_n'),
('4', 'Aime beaucoup les aliments sucrées', 'herbulot_s'),
('5', 'A changer de chambre rapidement', 'deliessche_a'),
('6', 'Présente des troubles du sommeil', 'lukombo_c'),
('7', 'Ne mange pas en grande quantité', 'kemissi_n'),
('8', 'Surveiller régulièrement son alimentation, car le patient ne connait pas toutes ses informations sur ses allergies', 'herbulot_s'),

/******************** ADRESSES ********************/
INSERT INTO address (id, street_name, postal_code, city) VALUES
('1', '28 rue Roussy','93150','Le Blanc-Mesnil'),
('2', '43 rue des Couronnes', '75020', 'Paris'),
('3', '156 avenue Ledru Rollin', '75011', 'Paris'),
('4', '16 rue Bordier', '93300', 'Aubervilliers'),
('5', '67 boulevard de Belleville', '75011', 'Paris'),
('6', '4 rue Emile Zola', '94190', 'Villeneuve-Saint-Georges'),
('7', '95 avenue Anatole France', '94190', 'Villeneuve-Saint-Georges'),
('8', '19 rue Vincent Van Gogh', '94190', 'Villeneuve-Saint-Georges'),
('9', '23 avenue de Valenton', '94190', 'Villeneuve-Saint-Georges'),
('10', '21 avenue de la République', '94190', 'Villeneuve-Saint-Georges'),
('11', '5 rue Paul Bert', '94190', 'Villeneuve-Saint-Georges'),
('12', '8 rue Pommier', '94190', 'Villeneuve-Saint-Georges'),
('13', '12 rue Madeleine', '94190', 'Villeneuve-Saint-Georges'),
('14', '7 rue des Erables', '94190', 'Villeneuve-Saint-Georges'),
('15', '28 square de la Garenne', '95500', 'Gonesse'),
('16', '16 rue Eric Tabarly', '93420', 'Villepinte'),
('17', '26 rue Corneille', '93150', 'Le Blanc-Mesnil'),
('18', '3 rue Corneille', '75006', 'Paris'),
('19', '23 rue Jules Vallès', '93700', 'Drancy'),
('20', '15 rue Jules Vallès', '75011', 'Paris'),
('21', '26 rue Letellier', '75015', 'Paris'),
('22', '14 rue Fernand Ségouin', '95400', 'Arnouville'),
('23', '12 rue Firmin Gémier', '75018', 'Paris'),
('24', '16 rue Edgar Quinet', '93120', 'La Courneuve'),
('25', '149 avenue de la Division Leclerc', '93350', 'Le Bourget'),
('26', '6 rue Pierre Leroux', '75007', 'Paris'),
('27', '24 rue Marcellin Berthelot', '93350', 'Le Bourget'),
('28', '41 rue Marcel Sembat', '93350', 'Le Bourget'),
('29', '29 rue Auguste Mounié', '92160', 'Antony'),
('30', '23 rue du Calitor', '34500', 'Béziers'),
('31', '43 boulevard Frédéric Mistral', '34420', 'Villeneuve-lès-Béziers'),
('32', '8 square de la Poterne', '91300', 'Massy'),
('33', '8 rue Duvergier', '75019', 'Paris'),
('34', '3 avenue Bernard Hirsch', '95021', 'Cergy-Pontoise'),
('35', '160 rue de Sèvres', '75015', 'Paris'),
('36', '75 rue Vincent Fayo', '92290', 'Châtenay-Malabry'),
('37', '3 avenue des Aulnes', '78250', 'Meulan-en-Yvelines'),
('38', '9 allée Abel Gance', '78130', 'Les Mureaux'),
('39', '12 rue des 2 Gares', '78711', 'Mantes-la-Ville'),
('40', '10 avenue du Général de Gaulle', '92160', 'Antony'),
('41', '18 rue Galilée', '78500', 'Sartrouville'),
('42', '3 rue Thomire', '75013', 'Paris'),
('43', '1 rue Jean-François Lépine', '75018', 'Paris'),
('44', '6 rue d''Oslo', '75018', 'Paris'),
('45', '162 rue de Belleville', '75020', 'Paris'),
('46', '3 rue de Tourtille', '75020', 'Paris'),
('47', '53 rue Volta', '75003', 'Paris'),
('48', '35 rue Alphonse Daudet', '93700', 'Drancy'),
('49', '27 rue de Charonne', '75011', 'Paris'),
('50', '3 rue Mercoeur', '75011', 'Paris'),
('51', '24 rue de Pali-Kao', '75020', 'Paris'),
('52', '9 boulevard Souchet', '93160', 'Noisy-le-Grand'),
('53', '9 rue Dessous l''Eglise', '52400', 'Serqueux'),
('54', '15 rue Maitre Albert', '52400', 'Bourbonne-les-Bains'),
('55', '68 avenue du Président Salvador Allende', '93100', 'Montreuil'),
('56', '159 avenue Parmentier', '75010', 'Paris'),
('57', '6-8 impasse des 2 Cousins', '75017', 'Paris'),
('58', '4 bis rue Léon Blum', '91300', 'Massy'),
('59', '22 rue Guynemer', '93350', 'Le Bourget'),
('60', '4 avenue Pablo Picasso', '94190', 'Villeneuve-Saint-Georges'),
('61', '5 rue Henri Sellier', '94190', 'Villeneuve-Saint-Georges'),
('62', '9 rue Pasteur', '94190', 'Villeneuve-Saint-Georges'),
('63', '31 rue Émile Zola', '94190', 'Villeneuve-Saint-Georges'),
('64', '16 rue Diderot', '94190', 'Villeneuve-Saint-Georges'),
('65', '3 rue Gutenberg', '94190', 'Villeneuve-Saint-Georges'),
('66', '1 rue Jeanne d''Arc', '94190', 'Villeneuve-Saint-Georges'),
('67', '17 rue des Peupliers', '94190', 'Villeneuve-Saint-Georges'),
('68', '68 rue Gambetta', '94190', 'Villeneuve-Saint-Georges'),
('69', '6 rue Thimonnier', '94190', 'Villeneuve-Saint-Georges'),
('70', '58 avenue Benoit Frachon', '75020', 'Paris');

/******************** PATIENTS (68) ********************/
# TODO : situation, (job activité/sans activité), email, mobile_phone
#('2', 'first_name', 'last_name', 'sex', 'date_of_birth', 'situation', 'job', 'email', 'phone_number', 'mobile_phone', 'address', 'height', 'weight', 'blood_group', 'texture_id', null, 1),
INSERT INTO patient (id, first_name, last_name, sex, date_of_birth, situation, job, email, phone_number, mobile_phone, address, height, weight, blood_group, texture_id, comment_id, state) VALUES
('1', 'Valérie', 'BORDIN', 'Femme', '1955-07-09', 'Marié', 'Retraité', 'bordin.v@gmail.com', '0126642363', '0652148965', '1', '163', '51.1', 'B+', '1', null, 1),
('2', 'Charles', 'RAMASSAMY', 'Homme', '1975-02-13', 'situation', 'job', 'ram.gaston@hotmail.fr', '0108216508', '0666658412', '2', '178', '98', 'O+', '1', null, 1),
('3', 'Alena', 'KRAWCZYNSKI', 'Femme', '1957-11-14', 'situation', 'Retraité', 'clarice_kr@hotmail.com', '0153003774', '0658697442', '3', '155', '51.1', 'A+', '1', null, 1),
('4', 'Emmanuel', 'NUNES', 'Homme', '1935-03-12', 'situation', 'Retraité', 'manu.nunes@gmail.com', '0154471366', '0659698443', '4', '171', '62.2', 'A+', '1', null, 1),
('5', 'Émilie', 'GIRODOLLE', 'Femme', '1955-05-10', 'situation', 'Retraité', 'girodolle3.e@hotmail.com', '0127149527', '0608064101', '5', '161', '68.9', 'A+', '1', null, 1),
('6', 'Gueïda', 'FOFANA', 'Homme', '1969-09-10', 'situation', 'Retraité', 'email', '0103988376', '0683137530', '6', '163', '85.4', 'A+', '1', null, 1),
('7', 'Aubin', 'GRIMBERT', 'Homme', '1957-01-27', 'situation', 'Retraité', 'email', '0155992564', '0699500743', '7', '185', '89.7', 'O+', '3', null, 1),
('8', 'Laurence', 'SUINOT', 'Femme', '1945-01-29', 'situation', 'Retraité', 'email', '0131797575', '0606726272', '8', '155', '99.1', 'O+', '1', null, 1),
('9', 'Olivier', 'EIGERMAN', 'Homme', '1992-10-04', 'situation', 'En activité', 'email', '0113971175', '0678976377', '9', '168', '70.5', 'B+', '1', null, 1),
('10', 'Jewel', 'SCHEIDEL', 'Femme', '1991-08-01', 'situation', 'En activité', 'email', '0135852685', '0660244089', '10', '171', '91.4', 'O+', '1', null, 1),
('11', 'Nathalie', 'BANCO', 'Femme', '1983-05-05', 'situation', 'En activité', 'email', '0192292029', '0647074823', '11', '159', '72.9', 'O+', '1', null, 1),
('12', 'Gauthier', 'DAGAN', 'Homme', '1959-03-17', 'situation', 'En activité', 'email', '0110289014', '0629918261', '12', '166', '76.2', 'O-', '1', null, 1),
('13', 'Camille', 'BRIGITTE', 'Femme', '1964-06-29', 'situation', 'En activité', 'email', '0157728956', '0680683620', '13', '163', '65.8', 'B+', '1', null, 1),
('14', 'Inès', 'SALMON', 'Femme', '1974-04-15', 'situation', 'En activité', 'email', '0194707873', '0604984289', '14', '168', '50.6', 'O-', '1', null, 1),
('15', 'Alhponse', 'GINESTET', 'Homme', '1935-04-15', 'situation', 'Retraité', 'email', '0199500743', '0628323747', '15', '163', '76.7', 'A+', '1', null, 1),
('16', 'Guershon', 'HEDDAD', 'Homme', '1975-09-10', 'situation', 'En activité', 'email', '0183137530', '0635852685', '16', '171', '105.6', 'B+', '1', null, 1),
('17', 'Delit', 'WARION', 'Femme', '1994-09-10', 'situation', 'En activité', 'email', '0193640501', '0654471302', '17', '160', '55.7', 'O+', '1', null, 1),
('18', 'Inès', 'DEL FRARI', 'Femme', '1974-03-17', 'situation', 'En activité', 'email', '0120837926', '0650413730', '18', '170', '52.5', 'B-', '3', null, 1),
('19', 'Gérard', 'MANSEUR', 'Homme', '1961-10-30', 'situation', 'En activité', 'email', '0141390230', '0654851366', '19', '170', '72.5', 'O+', '1', null, 1),
('20', 'Agnès', 'AVIT', 'Femme', '1994-10-30', 'situation', 'Sans activité', 'email', '0104984289', '0631797575', '20', '169', '92.3', 'B+', '1', null, 1),
# 1eme etage
('21', 'first_name', 'HUSER', 'sex', 'date_of_birth', 'situation', 'job', 'email', 'phone_number', 'mobile_phone', '21', 'height', 'weight', 'blood_group', '1', null, 1),
('22', 'first_name', 'DOS SANTOS', 'sex', 'date_of_birth', 'situation', 'job', 'email', 'phone_number', 'mobile_phone', '22', 'height', 'weight', 'blood_group', '1', null, 1),
('23', 'first_name', 'MENDES', 'sex', 'date_of_birth', 'situation', 'job', 'email', 'phone_number', 'mobile_phone', '23', 'height', 'weight', 'blood_group', '3', null, 1),
('24', 'first_name', 'ROY', 'sex', 'date_of_birth', 'situation', 'job', 'email', 'phone_number', 'mobile_phone', '24', 'height', 'weight', 'blood_group', '1', null, 1),
('25', 'first_name', 'BELLALA', 'sex', 'date_of_birth', 'situation', 'job', 'email', 'phone_number', 'mobile_phone', '25', 'height', 'weight', 'blood_group', '1', null, 1),
('26', 'first_name', 'CHERIFI', 'sex', 'date_of_birth', 'situation', 'job', 'email', 'phone_number', 'mobile_phone', '26', 'height', 'weight', 'blood_group', '1', null, 1),
('27', 'first_name', 'GUEMACHE', 'sex', 'date_of_birth', 'situation', 'job', 'email', 'phone_number', 'mobile_phone', '27', 'height', 'weight', 'blood_group', '1', null, 1),
('28', 'first_name', 'BESSAI', 'sex', 'date_of_birth', 'situation', 'job', 'email', 'phone_number', 'mobile_phone', '28', 'height', 'weight', 'blood_group', '1', null, 1),
('29', 'first_name', 'CHEHIBI', 'sex', 'date_of_birth', 'situation', 'job', 'email', 'phone_number', 'mobile_phone', '29', 'height', 'weight', 'blood_group', '1', null, 1),
('30', 'first_name', 'LAMIDIEU', 'sex', 'date_of_birth', 'situation', 'job', 'email', 'phone_number', 'mobile_phone', '30', 'height', 'weight', 'blood_group', '1', null, 1),
('31', 'first_name', 'HEMONET', 'sex', 'date_of_birth', 'situation', 'job', 'email', 'phone_number', 'mobile_phone', '31', 'height', 'weight', 'blood_group', '1', null, 1),
('32', 'first_name', 'KISELOV', 'sex', 'date_of_birth', 'situation', 'job', 'email', 'phone_number', 'mobile_phone', '32', 'height', 'weight', 'blood_group', '1', null, 1),
('33', 'first_name', 'STOJANOVIC', 'sex', 'date_of_birth', 'situation', 'job', 'email', 'phone_number', 'mobile_phone', '33', 'height', 'weight', 'blood_group', '1', null, 1),
('34', 'first_name', 'PASQUALINI', 'sex', 'date_of_birth', 'situation', 'job', 'email', 'phone_number', 'mobile_phone', '34', 'height', 'weight', 'blood_group', '1', null, 1),
('35', 'first_name', 'MATUMUENE', 'sex', 'date_of_birth', 'situation', 'job', 'email', 'phone_number', 'mobile_phone', '35', 'height', 'weight', 'blood_group', '1', null, 1),
('36', 'first_name', 'DAMETTE', 'sex', 'date_of_birth', 'situation', 'job', 'email', 'phone_number', 'mobile_phone', '36', 'height', 'weight', 'blood_group', '1', null, 1),
('37', 'first_name', 'LORCY', 'sex', 'date_of_birth', 'situation', 'job', 'email', 'phone_number', 'mobile_phone', '37', 'height', 'weight', 'blood_group', '1', null, 1),
('38', 'first_name', 'COUDRAYE', 'sex', 'date_of_birth', 'situation', 'job', 'email', 'phone_number', 'mobile_phone', '38', 'height', 'weight', 'blood_group', '1', null, 1),
('39', 'first_name', 'GALLE', 'sex', 'date_of_birth', 'situation', 'job', 'email', 'phone_number', 'mobile_phone', '39', 'height', 'weight', 'blood_group', '1', null, 1),
('40', 'first_name', 'BRIGITTE', 'sex', 'date_of_birth', 'situation', 'job', 'email', 'phone_number', 'mobile_phone', '40', 'height', 'weight', 'blood_group', '1', null, 1),
('41', 'first_name', 'ADEL', 'sex', 'date_of_birth', 'situation', 'job', 'email', 'phone_number', 'mobile_phone', '41', 'height', 'weight', 'blood_group', '1', null, 1),
('42', 'first_name', 'DOS SANTOS', 'sex', 'date_of_birth', 'situation', 'job', 'email', 'phone_number', 'mobile_phone', '42', 'height', 'weight', 'blood_group', '1', null, 1),
('43', 'first_name', 'FALSAPERLA', 'sex', 'date_of_birth', 'situation', 'job', 'email', 'phone_number', 'mobile_phone', '43', 'height', 'weight', 'blood_group', '1', null, 1),
('44', 'first_name', 'YOUDE', 'sex', 'date_of_birth', 'situation', 'job', 'email', 'phone_number', 'mobile_phone', '44', 'height', 'weight', 'blood_group', '1', null, 1),
# 2eme etage
('45', 'first_name', 'CHEVALIER', 'sex', 'date_of_birth', 'situation', 'job', 'email', 'phone_number', 'mobile_phone', '45', 'height', 'weight', 'blood_group', '1', null, 1),
('46', 'first_name', 'RANSOU', 'sex', 'date_of_birth', 'situation', 'job', 'email', 'phone_number', 'mobile_phone', '46', 'height', 'weight', 'blood_group', '1', null, 1),
('47', 'first_name', 'MITEU', 'sex', 'date_of_birth', 'situation', 'job', 'email', 'phone_number', 'mobile_phone', '47', 'height', 'weight', 'blood_group', '1', null, 1),
('48', 'first_name', 'CHARLET', 'sex', 'date_of_birth', 'situation', 'job', 'email', 'phone_number', 'mobile_phone', '48', 'height', 'weight', 'blood_group', '1', null, 1),
('49', 'first_name', 'REGUIG', 'sex', 'date_of_birth', 'situation', 'job', 'email', 'phone_number', 'mobile_phone', '49', 'height', 'weight', 'blood_group', '1', null, 1),
('50', 'first_name', 'GAUREL', 'sex', 'date_of_birth', 'situation', 'job', 'email', 'phone_number', 'mobile_phone', '50', 'height', 'weight', 'blood_group', '1', null, 1),
('51', 'first_name', 'DESSEAUVE', 'sex', 'date_of_birth', 'situation', 'job', 'email', 'phone_number', 'mobile_phone', '51', 'height', 'weight', 'blood_group', '3', null, 1),
('52', 'first_name', 'AMPIRI', 'sex', 'date_of_birth', 'situation', 'job', 'email', 'phone_number', 'mobile_phone', '52', 'height', 'weight', 'blood_group', '1', null, 1),
('53', 'first_name', 'PRINCE', 'sex', 'date_of_birth', 'situation', 'job', 'email', 'phone_number', 'mobile_phone', '53', 'height', 'weight', 'blood_group', '1', null, 1),
('54', 'first_name', 'MAES', 'sex', 'date_of_birth', 'situation', 'job', 'email', 'phone_number', 'mobile_phone', '54', 'height', 'weight', 'blood_group', '1', null, 1),
('55', 'first_name', 'CANFRERE', 'sex', 'date_of_birth', 'situation', 'job', 'email', 'phone_number', 'mobile_phone', '55', 'height', 'weight', 'blood_group', '1', null, 1),
('56', 'first_name', 'LARROUCAU', 'sex', 'date_of_birth', 'situation', 'job', 'email', 'phone_number', 'mobile_phone', '56', 'height', 'weight', 'blood_group', '3', null, 1),
('57', 'first_name', 'JACQUET', 'sex', 'date_of_birth', 'situation', 'job', 'email', 'phone_number', 'mobile_phone', '57', 'height', 'weight', 'blood_group', '1', null, 1),
('58', 'first_name', 'PREVOT', 'sex', 'date_of_birth', 'situation', 'job', 'email', 'phone_number', 'mobile_phone', '58', 'height', 'weight', 'blood_group', '1', null, 1),
('59', 'first_name', 'RODRIGUES', 'sex', 'date_of_birth', 'situation', 'job', 'email', 'phone_number', 'mobile_phone', '59', 'height', 'weight', 'blood_group', '3', null, 1),
('60', 'first_name', 'SALFATI', 'sex', 'date_of_birth', 'situation', 'job', 'email', 'phone_number', 'mobile_phone', '60', 'height', 'weight', 'blood_group', '1', null, 1),
('61', 'first_name', 'GALLUD', 'sex', 'date_of_birth', 'situation', 'job', 'email', 'phone_number', 'mobile_phone', '61', 'height', 'weight', 'blood_group', '1', null, 1),
('62', 'first_name', 'MOREL', 'sex', 'date_of_birth', 'situation', 'job', 'email', 'phone_number', 'mobile_phone', '62', 'height', 'weight', 'blood_group', '1', null, 1),
('63', 'first_name', 'VOILLOT', 'sex', 'date_of_birth', 'situation', 'job', 'email', 'phone_number', 'mobile_phone', '63', 'height', 'weight', 'blood_group', '1', null, 1),
('64', 'first_name', 'DUBOIS', 'sex', 'date_of_birth', 'situation', 'job', 'email', 'phone_number', 'mobile_phone', '64', 'height', 'weight', 'blood_group', '1', null, 1),
('65', 'first_name', 'BRIARD', 'sex', 'date_of_birth', 'situation', 'job', 'email', 'phone_number', 'mobile_phone', '65', 'height', 'weight', 'blood_group', '1', null, 1),
('66', 'first_name', 'PRIEUR', 'sex', 'date_of_birth', 'situation', 'job', 'email', 'phone_number', 'mobile_phone', '66', 'height', 'weight', 'blood_group', '1', null, 1),
('67', 'first_name', 'ROUSSEAU', 'sex', 'date_of_birth', 'situation', 'job', 'email', 'phone_number', 'mobile_phone', '67', 'height', 'weight', 'blood_group', '1', null, 1);
# type d'alimentation des patients : normale(1), HP(2), diabetique(3), sans porc(4), sans sel(5), sans residu(6)
INSERT INTO patient_diets (patient_id, diets_id) VALUES
('1', '5'),
('2', '3'),
('3', '2'), ('3', '3'),
('4', '3'),
('5', '5'),
('6', '3'), ('6', '4'),
('7', '1'),
('8', '1'),
('9', '1'),
('10', '1'),
('11', '1'), ('11', '2'),
('12', '1'),
('13', '1'),
('14', '2'), ('14', '6'),
('15', '1'), ('15', '2'),
('16', '1'), ('16', '4'),
('17', '1'),
('18', '1'),
('19', '1'), ('19', '4'),
('20', '4'), ('20', '6'),
('21', '1'),
('22', '5'),
('23', '1'), ('23', '2'),
('24', '2'), ('24', '3'),
('25', '1'), ('25', '2'),
('26', '2'), ('26', '5'),
('27', '3'), ('27', '4'),
('28', '1'), ('28', '4'),
('29', '2'), ('29', '5'),
('30', '2'), ('30', '3'),
('31', '1'),
('32', '1'), ('32', '2'),
('33', '3'),
('34', '3'),
('35', '1'),
('36', '2'), ('36', '3'),
('37', '3'), ('37', '5'),
('38', '1'),
('39', '2'), ('39', '3'),
('40', '1'), ('39', '2'),
('41', '1'),
('42', '1'),
('43', '1'),
('44', '1'),
('45', '1'), ('45', '2'),
('46', '1'), ('46', '2'),
('47', '1'), ('47', '2'),
('48', '1'),
('49', '1'), ('49', '4'),
('50', '3'),
('51', '2'), ('51', '5'),
('52', '3'),
('53', '3'), ('53', '5'),
('54', '1'),
('55', '1'),
('56', '1'), ('56', '2'),
('57', '1'), ('57', '2'),
('58', '2'), ('58', '3'),
('59', '2'), ('59', '5'),
('60', '3'),
('61', '1'), ('61', '2'),
('62', '3'),
('63', '1'), ('63', '2'),
('64', '2'), ('64', '3'),
('65', '1'), ('65', '2'),
('66', '3'),
('67', '3');

INSERT INTO patient_allergies (patient_id, allergies_id) VALUES